{"cameraMode":{"drawMode":0,"name":"Shaded","section":"Shading Mode"},"sceneLighting":false,"audioPlay":false,"sceneViewState":{"m_AlwaysRefresh":false,"showFog":true,"showSkybox":false,"showFlares":true,"showImageEffects":true,"showParticleSystems":true,"showVisualEffectGraphs":true,"m_FxEnabled":true},"in2DMode":false,"pivot":{"x":7.450580596923828e-9,"y":0.041005294770002368,"z":-0.004570811986923218},"rotation":{"x":0.25297823548316958,"y":-0.589486837387085,"z":0.20146287977695466,"w":0.740248441696167},"size":0.15795770287513734,"orthographic":false}