{"cameraMode":{"drawMode":0,"name":"Shaded","section":"Shading Mode"},"sceneLighting":false,"audioPlay":false,"sceneViewState":{"m_AlwaysRefresh":false,"showFog":true,"showSkybox":false,"showFlares":true,"showImageEffects":true,"showParticleSystems":true,"showVisualEffectGraphs":true,"m_FxEnabled":true},"in2DMode":false,"pivot":{"x":0.04897746443748474,"y":0.008790917694568634,"z":-0.008039146661758423},"rotation":{"x":0.008286932483315468,"y":0.07442434132099152,"z":-0.0006145717343315482,"w":0.9971974492073059},"size":0.15099169313907624,"orthographic":false}